1;один, единица
2;два, двойка
3;три, тройка
4;четыре, четверка
5;пять, пятерка
6;шесть, шестерка
7;семь, семерка
8;восемь, восьмерка
9;девять, девятка
0;ноль, нуль
00;два нуля, два ноля, дубль нуль, дубль ноль, дуплет нулей, дуплет нолей
10;десять
11;одиннадцать, две единицы, дубль один, дуплет единиц
12;двенадцать
13;тринадцать
14;четырнадцать
15;пятнадцать
16;шестнадцать
17;семнадцать
18;восемнадцать
19;девятнадцать
20;двадцать
21;двадцать один
22;двадцать два, две двойки, дубль два, дуплет двоек
23;двадцать три
24;двадцать четыре
25;двадцать пять
26;двадцать шесть
27;двадцать семь
28;двадцать восемь
29;двадцать девять
30;тридцать
31;тридцать один
32;тридцать два
33;тридцать три, две тройки, дубль три, дуплет троек
34;тридцать четыре
35;тридцать пять
36;тридцать шесть
37;тридцать семь
38;тридцать восемь
39;тридцать девять
40;сорок
41;сорок один
42;сорок два
43;сорок три
44;сорок четыре, две четверки, дубль четыре, дуплет четверок
45;сорок пять
46;сорок шесть
47;сорок семь
48;сорок восемь
49;сорок девять
50;пятьдесят
51;пятьдесят один
52;пятьдесят два
53;пятьдесят три
54;пятьдесят четыре
55;пятьдесят пять, две пятерки, дубль пять, дуплет пятерок
56;пятьдесят шесть
57;пятьдесят семь
58;пятьдесят восемь
59;пятьдесят девять
60;шестьдесят
61;шестьдесят один
62;шестьдесят два
63;шестьдесят три
64;шестьдесят четыре
65;шестьдесят пять
66;шестьдесят шесть, две шестерки, дубль шесть, дуплет шестерок
67;шестьдесят семь
68;шестьдесят восемь
69;шестьдесят девять
70;семьдесят
71;семьдесят один
72;семьдесят два
73;семьдесят три
74;семьдесят четыре
75;семьдесят пять
76;семьдесят шесть
77;семьдесят семь, две семерки, дубль семь, дуплет семерок
78;семьдесят восемь
79;семьдесят девять
80;восемьдесят
81;восемьдесят один
82;восемьдесят два
83;восемьдесят три
84;восемьдесят четыре
85;восемьдесят пять
86;восемьдесят шесть
87;восемьдесят семь
88;восемьдесят восемь, две восьмерки, дубль восемь, дуплет восьмерок
89;восемьдесят девять
90;девяносто
91;девяносто один
92;девяносто два
93;девяносто три
94;девяносто четыре
95;девяносто пять
96;девяносто шесть
97;девяносто семь
98;девяносто восемь
99;девяносто девять, две девятки, дубль девять, дуплет девяток
100;сто
101;сто один
102;сто два
103;сто три
104;сто четыре
105;сто пять
106;сто шесть
107;сто семь
108;сто восемь
109;сто девять
110;сто десять
111;сто одиннадцать, три единицы, триплет единиц
112;сто двенадцать
113;сто тринадцать
114;сто четырнадцать
115;сто пятнадцать
116;сто шестнадцать
117;сто семнадцать
118;сто восемнадцать
119;сто девятнадцать
120;сто двадцать
121;сто двадцать один
122;сто двадцать два
123;сто двадцать три
124;сто двадцать четыре
125;сто двадцать пять
126;сто двадцать шесть
127;сто двадцать семь
128;сто двадцать восемь
129;сто двадцать девять
130;сто тридцать
131;сто тридцать один
132;сто тридцать два
133;сто тридцать три
134;сто тридцать четыре
135;сто тридцать пять
136;сто тридцать шесть
137;сто тридцать семь
138;сто тридцать восемь
139;сто тридцать девять
140;сто сорок
141;сто сорок один
142;сто сорок два
143;сто сорок три
144;сто сорок четыре
145;сто сорок пять
146;сто сорок шесть
147;сто сорок семь
148;сто сорок восемь
149;сто сорок девять
150;сто пятьдесят
151;сто пятьдесят один
152;сто пятьдесят два
153;сто пятьдесят три
154;сто пятьдесят четыре
155;сто пятьдесят пять
156;сто пятьдесят шесть
157;сто пятьдесят семь
158;сто пятьдесят восемь
159;сто пятьдесят девять
160;сто шестьдесят
161;сто шестьдесят один
162;сто шестьдесят два
163;сто шестьдесят три
164;сто шестьдесят четыре
165;сто шестьдесят пять
166;сто шестьдесят шесть
167;сто шестьдесят семь
168;сто шестьдесят восемь
169;сто шестьдесят девять
170;сто семьдесят
171;сто семьдесят один
172;сто семьдесят два
173;сто семьдесят три
174;сто семьдесят четыре
175;сто семьдесят пять
176;сто семьдесят шесть
177;сто семьдесят семь
178;сто семьдесят восемь
179;сто семьдесят девять
180;сто восемьдесят
181;сто восемьдесят один
182;сто восемьдесят два
183;сто восемьдесят три
184;сто восемьдесят четыре
185;сто восемьдесят пять
186;сто восемьдесят шесть
187;сто восемьдесят семь
188;сто восемьдесят восемь
189;сто восемьдесят девять
190;сто девяносто
191;сто девяносто один
192;сто девяносто два
193;сто девяносто три
194;сто девяносто четыре
195;сто девяносто пять
196;сто девяносто шесть
197;сто девяносто семь
198;сто девяносто восемь
199;сто девяносто девять
200;двести
201;двести один
202;двести два
203;двести три
204;двести четыре
205;двести пять
206;двести шесть
207;двести семь
208;двести восемь
209;двести девять
210;двести десять
211;двести одиннадцать
212;двести двенадцать
213;двести тринадцать
214;двести четырнадцать
215;двести пятнадцать
216;двести шестнадцать
217;двести семнадцать
218;двести восемнадцать
219;двести девятнадцать
220;двести двадцать
221;двести двадцать один
222;двести двадцать два, три двойки, триплет двоек
223;двести двадцать три
224;двести двадцать четыре
225;двести двадцать пять
226;двести двадцать шесть
227;двести двадцать семь
228;двести двадцать восемь
229;двести двадцать девять
230;двести тридцать
231;двести тридцать один
232;двести тридцать два
233;двести тридцать три
234;двести тридцать четыре
235;двести тридцать пять
236;двести тридцать шесть
237;двести тридцать семь
238;двести тридцать восемь
239;двести тридцать девять
240;двести сорок
241;двести сорок один
242;двести сорок два
243;двести сорок три
244;двести сорок четыре
245;двести сорок пять
246;двести сорок шесть
247;двести сорок семь
248;двести сорок восемь
249;двести сорок девять
250;двести пятьдесят
251;двести пятьдесят один
252;двести пятьдесят два
253;двести пятьдесят три
254;двести пятьдесят четыре
255;двести пятьдесят пять
256;двести пятьдесят шесть
257;двести пятьдесят семь
258;двести пятьдесят восемь
259;двести пятьдесят девять
260;двести шестьдесят
261;двести шестьдесят один
262;двести шестьдесят два
263;двести шестьдесят три
264;двести шестьдесят четыре
265;двести шестьдесят пять
266;двести шестьдесят шесть
267;двести шестьдесят семь
268;двести шестьдесят восемь
269;двести шестьдесят девять
270;двести семьдесят
271;двести семьдесят один
272;двести семьдесят два
273;двести семьдесят три
274;двести семьдесят четыре
275;двести семьдесят пять
276;двести семьдесят шесть
277;двести семьдесят семь
278;двести семьдесят восемь
279;двести семьдесят девять
280;двести восемьдесят
281;двести восемьдесят один
282;двести восемьдесят два
283;двести восемьдесят три
284;двести восемьдесят четыре
285;двести восемьдесят пять
286;двести восемьдесят шесть
287;двести восемьдесят семь
288;двести восемьдесят восемь
289;двести восемьдесят девять
290;двести девяносто
291;двести девяносто один
292;двести девяносто два
293;двести девяносто три
294;двести девяносто четыре
295;двести девяносто пять
296;двести девяносто шесть
297;двести девяносто семь
298;двести девяносто восемь
299;двести девяносто девять
300;триста
301;триста один
302;триста два
303;триста три
304;триста четыре
305;триста пять
306;триста шесть
307;триста семь
308;триста восемь
309;триста девять
310;триста десять
311;триста одиннадцать
312;триста двенадцать
313;триста тринадцать
314;триста четырнадцать
315;триста пятнадцать
316;триста шестнадцать
317;триста семнадцать
318;триста восемнадцать
319;триста девятнадцать
320;триста двадцать
321;триста двадцать один
322;триста двадцать два
323;триста двадцать три
324;триста двадцать четыре
325;триста двадцать пять
326;триста двадцать шесть
327;триста двадцать семь
328;триста двадцать восемь
329;триста двадцать девять
330;триста тридцать
331;триста тридцать один
332;триста тридцать два
333;триста тридцать три, три тройки, триплет троек
334;триста тридцать четыре
335;триста тридцать пять
336;триста тридцать шесть
337;триста тридцать семь
338;триста тридцать восемь
339;триста тридцать девять
340;триста сорок
341;триста сорок один
342;триста сорок два
343;триста сорок три
344;триста сорок четыре
345;триста сорок пять
346;триста сорок шесть
347;триста сорок семь
348;триста сорок восемь
349;триста сорок девять
350;триста пятьдесят
351;триста пятьдесят один
352;триста пятьдесят два
353;триста пятьдесят три
354;триста пятьдесят четыре
355;триста пятьдесят пять
356;триста пятьдесят шесть
357;триста пятьдесят семь
358;триста пятьдесят восемь
359;триста пятьдесят девять
360;триста шестьдесят
361;триста шестьдесят один
362;триста шестьдесят два
363;триста шестьдесят три
364;триста шестьдесят четыре
365;триста шестьдесят пять
366;триста шестьдесят шесть
367;триста шестьдесят семь
368;триста шестьдесят восемь
369;триста шестьдесят девять
370;триста семьдесят
371;триста семьдесят один
372;триста семьдесят два
373;триста семьдесят три
374;триста семьдесят четыре
375;триста семьдесят пять
376;триста семьдесят шесть
377;триста семьдесят семь
378;триста семьдесят восемь
379;триста семьдесят девять
380;триста восемьдесят
381;триста восемьдесят один
382;триста восемьдесят два
383;триста восемьдесят три
384;триста восемьдесят четыре
385;триста восемьдесят пять
386;триста восемьдесят шесть
387;триста восемьдесят семь
388;триста восемьдесят восемь
389;триста восемьдесят девять
390;триста девяносто
391;триста девяносто один
392;триста девяносто два
393;триста девяносто три
394;триста девяносто четыре
395;триста девяносто пять
396;триста девяносто шесть
397;триста девяносто семь
398;триста девяносто восемь
399;триста девяносто девять
400;четыреста
401;четыреста один
402;четыреста два
403;четыреста три
404;четыреста четыре
405;четыреста пять
406;четыреста шесть
407;четыреста семь
408;четыреста восемь
409;четыреста девять
410;четыреста десять
411;четыреста одиннадцать
412;четыреста двенадцать
413;четыреста тринадцать
414;четыреста четырнадцать
415;четыреста пятнадцать
416;четыреста шестнадцать
417;четыреста семнадцать
418;четыреста восемнадцать
419;четыреста девятнадцать
420;четыреста двадцать
421;четыреста двадцать один
422;четыреста двадцать два
423;четыреста двадцать три
424;четыреста двадцать четыре
425;четыреста двадцать пять
426;четыреста двадцать шесть
427;четыреста двадцать семь
428;четыреста двадцать восемь
429;четыреста двадцать девять
430;четыреста тридцать
431;четыреста тридцать один
432;четыреста тридцать два
433;четыреста тридцать три
434;четыреста тридцать четыре
435;четыреста тридцать пять
436;четыреста тридцать шесть
437;четыреста тридцать семь
438;четыреста тридцать восемь
439;четыреста тридцать девять
440;четыреста сорок
441;четыреста сорок один
442;четыреста сорок два
443;четыреста сорок три
444;четыреста сорок четыре, три четверки, триплет четверок
445;четыреста сорок пять
446;четыреста сорок шесть
447;четыреста сорок семь
448;четыреста сорок восемь
449;четыреста сорок девять
450;четыреста пятьдесят
451;четыреста пятьдесят один
452;четыреста пятьдесят два
453;четыреста пятьдесят три
454;четыреста пятьдесят четыре
455;четыреста пятьдесят пять
456;четыреста пятьдесят шесть
457;четыреста пятьдесят семь
458;четыреста пятьдесят восемь
459;четыреста пятьдесят девять
460;четыреста шестьдесят
461;четыреста шестьдесят один
462;четыреста шестьдесят два
463;четыреста шестьдесят три
464;четыреста шестьдесят четыре
465;четыреста шестьдесят пять
466;четыреста шестьдесят шесть
467;четыреста шестьдесят семь
468;четыреста шестьдесят восемь
469;четыреста шестьдесят девять
470;четыреста семьдесят
471;четыреста семьдесят один
472;четыреста семьдесят два
473;четыреста семьдесят три
474;четыреста семьдесят четыре
475;четыреста семьдесят пять
476;четыреста семьдесят шесть
477;четыреста семьдесят семь
478;четыреста семьдесят восемь
479;четыреста семьдесят девять
480;четыреста восемьдесят
481;четыреста восемьдесят один
482;четыреста восемьдесят два
483;четыреста восемьдесят три
484;четыреста восемьдесят четыре
485;четыреста восемьдесят пять
486;четыреста восемьдесят шесть
487;четыреста восемьдесят семь
488;четыреста восемьдесят восемь
489;четыреста восемьдесят девять
490;четыреста девяносто
491;четыреста девяносто один
492;четыреста девяносто два
493;четыреста девяносто три
494;четыреста девяносто четыре
495;четыреста девяносто пять
496;четыреста девяносто шесть
497;четыреста девяносто семь
498;четыреста девяносто восемь
499;четыреста девяносто девять
500;пятьсот
501;пятьсот один
502;пятьсот два
503;пятьсот три
504;пятьсот четыре
505;пятьсот пять
506;пятьсот шесть
507;пятьсот семь
508;пятьсот восемь
509;пятьсот девять
510;пятьсот десять
511;пятьсот одиннадцать
512;пятьсот двенадцать
513;пятьсот тринадцать
514;пятьсот четырнадцать
515;пятьсот пятнадцать
516;пятьсот шестнадцать
517;пятьсот семнадцать
518;пятьсот восемнадцать
519;пятьсот девятнадцать
520;пятьсот двадцать
521;пятьсот двадцать один
522;пятьсот двадцать два
523;пятьсот двадцать три
524;пятьсот двадцать четыре
525;пятьсот двадцать пять
526;пятьсот двадцать шесть
527;пятьсот двадцать семь
528;пятьсот двадцать восемь
529;пятьсот двадцать девять
530;пятьсот тридцать
531;пятьсот тридцать один
532;пятьсот тридцать два
533;пятьсот тридцать три
534;пятьсот тридцать четыре
535;пятьсот тридцать пять
536;пятьсот тридцать шесть
537;пятьсот тридцать семь
538;пятьсот тридцать восемь
539;пятьсот тридцать девять
540;пятьсот сорок
541;пятьсот сорок один
542;пятьсот сорок два
543;пятьсот сорок три
544;пятьсот сорок четыре
545;пятьсот сорок пять
546;пятьсот сорок шесть
547;пятьсот сорок семь
548;пятьсот сорок восемь
549;пятьсот сорок девять
550;пятьсот пятьдесят
551;пятьсот пятьдесят один
552;пятьсот пятьдесят два
553;пятьсот пятьдесят три
554;пятьсот пятьдесят четыре
555;пятьсот пятьдесят пять, три пятерки, триплет пятерок
556;пятьсот пятьдесят шесть
557;пятьсот пятьдесят семь
558;пятьсот пятьдесят восемь
559;пятьсот пятьдесят девять
560;пятьсот шестьдесят
561;пятьсот шестьдесят один
562;пятьсот шестьдесят два
563;пятьсот шестьдесят три
564;пятьсот шестьдесят четыре
565;пятьсот шестьдесят пять
566;пятьсот шестьдесят шесть
567;пятьсот шестьдесят семь
568;пятьсот шестьдесят восемь
569;пятьсот шестьдесят девять
570;пятьсот семьдесят
571;пятьсот семьдесят один
572;пятьсот семьдесят два
573;пятьсот семьдесят три
574;пятьсот семьдесят четыре
575;пятьсот семьдесят пять
576;пятьсот семьдесят шесть
577;пятьсот семьдесят семь
578;пятьсот семьдесят восемь
579;пятьсот семьдесят девять
580;пятьсот восемьдесят
581;пятьсот восемьдесят один
582;пятьсот восемьдесят два
583;пятьсот восемьдесят три
584;пятьсот восемьдесят четыре
585;пятьсот восемьдесят пять
586;пятьсот восемьдесят шесть
587;пятьсот восемьдесят семь
588;пятьсот восемьдесят восемь
589;пятьсот восемьдесят девять
590;пятьсот девяносто
591;пятьсот девяносто один
592;пятьсот девяносто два
593;пятьсот девяносто три
594;пятьсот девяносто четыре
595;пятьсот девяносто пять
596;пятьсот девяносто шесть
597;пятьсот девяносто семь
598;пятьсот девяносто восемь
599;пятьсот девяносто девять
600;шестьсот
601;шестьсот один
602;шестьсот два
603;шестьсот три
604;шестьсот четыре
605;шестьсот пять
606;шестьсот шесть
607;шестьсот семь
608;шестьсот восемь
609;шестьсот девять
610;шестьсот десять
611;шестьсот одиннадцать
612;шестьсот двенадцать
613;шестьсот тринадцать
614;шестьсот четырнадцать
615;шестьсот пятнадцать
616;шестьсот шестнадцать
617;шестьсот семнадцать
618;шестьсот восемнадцать
619;шестьсот девятнадцать
620;шестьсот двадцать
621;шестьсот двадцать один
622;шестьсот двадцать два
623;шестьсот двадцать три
624;шестьсот двадцать четыре
625;шестьсот двадцать пять
626;шестьсот двадцать шесть
627;шестьсот двадцать семь
628;шестьсот двадцать восемь
629;шестьсот двадцать девять
630;шестьсот тридцать
631;шестьсот тридцать один
632;шестьсот тридцать два
633;шестьсот тридцать три
634;шестьсот тридцать четыре
635;шестьсот тридцать пять
636;шестьсот тридцать шесть
637;шестьсот тридцать семь
638;шестьсот тридцать восемь
639;шестьсот тридцать девять
640;шестьсот сорок
641;шестьсот сорок один
642;шестьсот сорок два
643;шестьсот сорок три
644;шестьсот сорок четыре
645;шестьсот сорок пять
646;шестьсот сорок шесть
647;шестьсот сорок семь
648;шестьсот сорок восемь
649;шестьсот сорок девять
650;шестьсот пятьдесят
651;шестьсот пятьдесят один
652;шестьсот пятьдесят два
653;шестьсот пятьдесят три
654;шестьсот пятьдесят четыре
655;шестьсот пятьдесят пять
656;шестьсот пятьдесят шесть
657;шестьсот пятьдесят семь
658;шестьсот пятьдесят восемь
659;шестьсот пятьдесят девять
660;шестьсот шестьдесят
661;шестьсот шестьдесят один
662;шестьсот шестьдесят два
663;шестьсот шестьдесят три
664;шестьсот шестьдесят четыре
665;шестьсот шестьдесят пять
666;шестьсот шестьдесят шесть, три шестерки, триплет шестерок
667;шестьсот шестьдесят семь
668;шестьсот шестьдесят восемь
669;шестьсот шестьдесят девять
670;шестьсот семьдесят
671;шестьсот семьдесят один
672;шестьсот семьдесят два
673;шестьсот семьдесят три
674;шестьсот семьдесят четыре
675;шестьсот семьдесят пять
676;шестьсот семьдесят шесть
677;шестьсот семьдесят семь
678;шестьсот семьдесят восемь
679;шестьсот семьдесят девять
680;шестьсот восемьдесят
681;шестьсот восемьдесят один
682;шестьсот восемьдесят два
683;шестьсот восемьдесят три
684;шестьсот восемьдесят четыре
685;шестьсот восемьдесят пять
686;шестьсот восемьдесят шесть
687;шестьсот восемьдесят семь
688;шестьсот восемьдесят восемь
689;шестьсот восемьдесят девять
690;шестьсот девяносто
691;шестьсот девяносто один
692;шестьсот девяносто два
693;шестьсот девяносто три
694;шестьсот девяносто четыре
695;шестьсот девяносто пять
696;шестьсот девяносто шесть
697;шестьсот девяносто семь
698;шестьсот девяносто восемь
699;шестьсот девяносто девять
700;семьсот
701;семьсот один
702;семьсот два
703;семьсот три
704;семьсот четыре
705;семьсот пять
706;семьсот шесть
707;семьсот семь
708;семьсот восемь
709;семьсот девять
710;семьсот десять
711;семьсот одиннадцать
712;семьсот двенадцать
713;семьсот тринадцать
714;семьсот четырнадцать
715;семьсот пятнадцать
716;семьсот шестнадцать
717;семьсот семнадцать
718;семьсот восемнадцать
719;семьсот девятнадцать
720;семьсот двадцать
721;семьсот двадцать один
722;семьсот двадцать два
723;семьсот двадцать три
724;семьсот двадцать четыре
725;семьсот двадцать пять
726;семьсот двадцать шесть
727;семьсот двадцать семь
728;семьсот двадцать восемь
729;семьсот двадцать девять
730;семьсот тридцать
731;семьсот тридцать один
732;семьсот тридцать два
733;семьсот тридцать три
734;семьсот тридцать четыре
735;семьсот тридцать пять
736;семьсот тридцать шесть
737;семьсот тридцать семь
738;семьсот тридцать восемь
739;семьсот тридцать девять
740;семьсот сорок
741;семьсот сорок один
742;семьсот сорок два
743;семьсот сорок три
744;семьсот сорок четыре
745;семьсот сорок пять
746;семьсот сорок шесть
747;семьсот сорок семь
748;семьсот сорок восемь
749;семьсот сорок девять
750;семьсот пятьдесят
751;семьсот пятьдесят один
752;семьсот пятьдесят два
753;семьсот пятьдесят три
754;семьсот пятьдесят четыре
755;семьсот пятьдесят пять
756;семьсот пятьдесят шесть
757;семьсот пятьдесят семь
758;семьсот пятьдесят восемь
759;семьсот пятьдесят девять
760;семьсот шестьдесят
761;семьсот шестьдесят один
762;семьсот шестьдесят два
763;семьсот шестьдесят три
764;семьсот шестьдесят четыре
765;семьсот шестьдесят пять
766;семьсот шестьдесят шесть
767;семьсот шестьдесят семь
768;семьсот шестьдесят восемь
769;семьсот шестьдесят девять
770;семьсот семьдесят
771;семьсот семьдесят один
772;семьсот семьдесят два
773;семьсот семьдесят три
774;семьсот семьдесят четыре
775;семьсот семьдесят пять
776;семьсот семьдесят шесть
777;семьсот семьдесят семь, три семерки, триплет семерок
778;семьсот семьдесят восемь
779;семьсот семьдесят девять
780;семьсот восемьдесят
781;семьсот восемьдесят один
782;семьсот восемьдесят два
783;семьсот восемьдесят три
784;семьсот восемьдесят четыре
785;семьсот восемьдесят пять
786;семьсот восемьдесят шесть
787;семьсот восемьдесят семь
788;семьсот восемьдесят восемь
789;семьсот восемьдесят девять
790;семьсот девяносто
791;семьсот девяносто один
792;семьсот девяносто два
793;семьсот девяносто три
794;семьсот девяносто четыре
795;семьсот девяносто пять
796;семьсот девяносто шесть
797;семьсот девяносто семь
798;семьсот девяносто восемь
799;семьсот девяносто девять
800;восемьсот
801;восемьсот один
802;восемьсот два
803;восемьсот три
804;восемьсот четыре
805;восемьсот пять
806;восемьсот шесть
807;восемьсот семь
808;восемьсот восемь
809;восемьсот девять
810;восемьсот десять
811;восемьсот одиннадцать
812;восемьсот двенадцать
813;восемьсот тринадцать
814;восемьсот четырнадцать
815;восемьсот пятнадцать
816;восемьсот шестнадцать
817;восемьсот семнадцать
818;восемьсот восемнадцать
819;восемьсот девятнадцать
820;восемьсот двадцать
821;восемьсот двадцать один
822;восемьсот двадцать два
823;восемьсот двадцать три
824;восемьсот двадцать четыре
825;восемьсот двадцать пять
826;восемьсот двадцать шесть
827;восемьсот двадцать семь
828;восемьсот двадцать восемь
829;восемьсот двадцать девять
830;восемьсот тридцать
831;восемьсот тридцать один
832;восемьсот тридцать два
833;восемьсот тридцать три
834;восемьсот тридцать четыре
835;восемьсот тридцать пять
836;восемьсот тридцать шесть
837;восемьсот тридцать семь
838;восемьсот тридцать восемь
839;восемьсот тридцать девять
840;восемьсот сорок
841;восемьсот сорок один
842;восемьсот сорок два
843;восемьсот сорок три
844;восемьсот сорок четыре
845;восемьсот сорок пять
846;восемьсот сорок шесть
847;восемьсот сорок семь
848;восемьсот сорок восемь
849;восемьсот сорок девять
850;восемьсот пятьдесят
851;восемьсот пятьдесят один
852;восемьсот пятьдесят два
853;восемьсот пятьдесят три
854;восемьсот пятьдесят четыре
855;восемьсот пятьдесят пять
856;восемьсот пятьдесят шесть
857;восемьсот пятьдесят семь
858;восемьсот пятьдесят восемь
859;восемьсот пятьдесят девять
860;восемьсот шестьдесят
861;восемьсот шестьдесят один
862;восемьсот шестьдесят два
863;восемьсот шестьдесят три
864;восемьсот шестьдесят четыре
865;восемьсот шестьдесят пять
866;восемьсот шестьдесят шесть
867;восемьсот шестьдесят семь
868;восемьсот шестьдесят восемь
869;восемьсот шестьдесят девять
870;восемьсот семьдесят
871;восемьсот семьдесят один
872;восемьсот семьдесят два
873;восемьсот семьдесят три
874;восемьсот семьдесят четыре
875;восемьсот семьдесят пять
876;восемьсот семьдесят шесть
877;восемьсот семьдесят семь
878;восемьсот семьдесят восемь
879;восемьсот семьдесят девять
880;восемьсот восемьдесят
881;восемьсот восемьдесят один
882;восемьсот восемьдесят два
883;восемьсот восемьдесят три
884;восемьсот восемьдесят четыре
885;восемьсот восемьдесят пять
886;восемьсот восемьдесят шесть
887;восемьсот восемьдесят семь
888;восемьсот восемьдесят восемь, три восьмерки, триплет восьмерок
889;восемьсот восемьдесят девять
890;восемьсот девяносто
891;восемьсот девяносто один
892;восемьсот девяносто два
893;восемьсот девяносто три
894;восемьсот девяносто четыре
895;восемьсот девяносто пять
896;восемьсот девяносто шесть
897;восемьсот девяносто семь
898;восемьсот девяносто восемь
899;восемьсот девяносто девять
900;девятьсот
901;девятьсот один
902;девятьсот два
903;девятьсот три
904;девятьсот четыре
905;девятьсот пять
906;девятьсот шесть
907;девятьсот семь
908;девятьсот восемь
909;девятьсот девять
910;девятьсот десять
911;девятьсот одиннадцать
912;девятьсот двенадцать
913;девятьсот тринадцать
914;девятьсот четырнадцать
915;девятьсот пятнадцать
916;девятьсот шестнадцать
917;девятьсот семнадцать
918;девятьсот восемнадцать
919;девятьсот девятнадцать
920;девятьсот двадцать
921;девятьсот двадцать один
922;девятьсот двадцать два
923;девятьсот двадцать три
924;девятьсот двадцать четыре
925;девятьсот двадцать пять
926;девятьсот двадцать шесть
927;девятьсот двадцать семь
928;девятьсот двадцать восемь
929;девятьсот двадцать девять
930;девятьсот тридцать
931;девятьсот тридцать один
932;девятьсот тридцать два
933;девятьсот тридцать три
934;девятьсот тридцать четыре
935;девятьсот тридцать пять
936;девятьсот тридцать шесть
937;девятьсот тридцать семь
938;девятьсот тридцать восемь
939;девятьсот тридцать девять
940;девятьсот сорок
941;девятьсот сорок один
942;девятьсот сорок два
943;девятьсот сорок три
944;девятьсот сорок четыре
945;девятьсот сорок пять
946;девятьсот сорок шесть
947;девятьсот сорок семь
948;девятьсот сорок восемь
949;девятьсот сорок девять
950;девятьсот пятьдесят
951;девятьсот пятьдесят один
952;девятьсот пятьдесят два
953;девятьсот пятьдесят три
954;девятьсот пятьдесят четыре
955;девятьсот пятьдесят пять
956;девятьсот пятьдесят шесть
957;девятьсот пятьдесят семь
958;девятьсот пятьдесят восемь
959;девятьсот пятьдесят девять
960;девятьсот шестьдесят
961;девятьсот шестьдесят один
962;девятьсот шестьдесят два
963;девятьсот шестьдесят три
964;девятьсот шестьдесят четыре
965;девятьсот шестьдесят пять
966;девятьсот шестьдесят шесть
967;девятьсот шестьдесят семь
968;девятьсот шестьдесят восемь
969;девятьсот шестьдесят девять
970;девятьсот семьдесят
971;девятьсот семьдесят один
972;девятьсот семьдесят два
973;девятьсот семьдесят три
974;девятьсот семьдесят четыре
975;девятьсот семьдесят пять
976;девятьсот семьдесят шесть
977;девятьсот семьдесят семь
978;девятьсот семьдесят восемь
979;девятьсот семьдесят девять
980;девятьсот восемьдесят
981;девятьсот восемьдесят один
982;девятьсот восемьдесят два
983;девятьсот восемьдесят три
984;девятьсот восемьдесят четыре
985;девятьсот восемьдесят пять
986;девятьсот восемьдесят шесть
987;девятьсот восемьдесят семь
988;девятьсот восемьдесят восемь
989;девятьсот восемьдесят девять
990;девятьсот девяносто
991;девятьсот девяносто один
992;девятьсот девяносто два
993;девятьсот девяносто три
994;девятьсот девяносто четыре
995;девятьсот девяносто пять
996;девятьсот девяносто шесть
997;девятьсот девяносто семь
998;девятьсот девяносто восемь
999;девятьсот девяносто девять, три девятки, триплет девяток